episode,reward,shortage,wastage,epsilon
1,-1444.1075936776624,1444.1075936776624,0.0,0.995
2,-1494.3612119252866,1494.3612119252866,0.0,0.990025
3,-1636.43851852417,1636.43851852417,0.0,0.985074875
4,-1525.870630296825,1525.870630296825,0.0,0.9801495006250001
5,-1483.817708333333,1483.817708333333,0.0,0.9752487531218751
6,-1500.5163637797034,1500.5163637797034,0.0,0.9703725093562657
7,-1384.235616048177,1383.235616048177,1.0,0.9655206468094844
8,-1271.333333333333,1271.333333333333,0.0,0.960693043575437
9,-1610.3760266716097,1610.3760266716097,0.0,0.9558895783575597
10,-1309.0625,1309.0625,0.0,0.9511101304657719
11,-1398.8593750000005,1398.8593750000005,0.0,0.946354579813443
12,-1605.2500000000002,1605.2500000000002,0.0,0.9416228069143757
13,-1456.5792643229167,1456.5792643229167,0.0,0.9369146928798039
14,-1352.181857638889,1352.181857638889,0.0,0.9322301194154049
15,-1505.2618045806887,1505.2618045806887,0.0,0.9275689688183278
16,-1449.1250000000005,1449.1250000000005,0.0,0.9229311239742362
17,-1344.973563515061,1344.973563515061,0.0,0.918316468354365
18,-1677.4949544270833,1677.4949544270833,0.0,0.9137248860125932
19,-1455.5078124999998,1455.5078124999998,0.0,0.9091562615825302
20,-1430.6712239583337,1430.6712239583337,0.0,0.9046104802746175
21,-1441.8906249999993,1436.8906249999993,5.0,0.9000874278732445
22,-1517.9284312236405,1517.9284312236405,0.0,0.8955869907338783
23,-1506.99951171875,1506.99951171875,0.0,0.8911090557802088
24,-1434.9999999999998,1434.9999999999998,0.0,0.8866535105013078
25,-1290.4493707727502,1290.4493707727502,0.0,0.8822202429488013
26,-1446.7499999999998,1446.7499999999998,0.0,0.8778091417340573
27,-1722.3124999999998,1722.3124999999998,0.0,0.8734200960253871
28,-1551.158072988744,1551.158072988744,0.0,0.8690529955452602
29,-1582.5299580891924,1582.5299580891924,0.0,0.8647077305675338
30,-1540.6823861609653,1540.6823861609653,0.0,0.8603841919146962
31,-1530.815976043114,1530.815976043114,0.0,0.8560822709551227
32,-1593.0022406401572,1593.0022406401572,0.0,0.851801859600347
33,-1536.7669753086416,1536.7669753086416,0.0,0.8475428503023453
34,-1245.2656250000002,1245.2656250000002,0.0,0.8433051360508336
35,-1534.94994212963,1534.94994212963,0.0,0.8390886103705794
36,-1401.1386286964018,1401.1386286964018,0.0,0.8348931673187264
37,-1306.9999999999998,1306.9999999999998,0.0,0.8307187014821328
38,-1523.7291666666672,1523.7291666666672,0.0,0.8265651079747222
39,-1478.6812038756907,1478.6812038756907,0.0,0.8224322824348486
40,-1335.8749999999998,1335.8749999999998,0.0,0.8183201210226743
41,-1547.6757199636704,1547.6757199636704,0.0,0.8142285204175609
42,-1437.0000000000005,1437.0000000000005,0.0,0.810157377815473
43,-1424.0000000000005,1424.0000000000005,0.0,0.8061065909263957
44,-1373.1598749738548,1373.1598749738548,0.0,0.8020760579717637
45,-1273.3190104166667,1273.3190104166667,0.0,0.798065677681905
46,-1551.0000000000002,1551.0000000000002,0.0,0.7940753492934954
47,-1408.0370619945595,1408.0370619945595,0.0,0.7901049725470279
48,-1359.0,1359.0,0.0,0.7861544476842928
49,-1507.0833333333333,1507.0833333333333,0.0,0.7822236754458713
50,-1623.2833658854167,1623.2833658854167,0.0,0.778312557068642
51,-1441.8559232396244,1441.8559232396244,0.0,0.7744209942832988
52,-1481.0,1481.0,0.0,0.7705488893118823
53,-1451.4320591467394,1451.4320591467394,0.0,0.7666961448653229
54,-1458.0929030430168,1458.0929030430168,0.0,0.7628626641409962
55,-1286.9999999999995,1286.9999999999995,0.0,0.7590483508202912
56,-1368.0814503446043,1368.0814503446043,0.0,0.7552531090661897
57,-1584.1510416666667,1584.1510416666667,0.0,0.7514768435208588
58,-1357.4707519213357,1357.4707519213357,0.0,0.7477194593032545
59,-1337.3567866572632,1337.3567866572632,0.0,0.7439808620067382
60,-1431.784973078475,1431.784973078475,0.0,0.7402609576967045
61,-1460.5903853418477,1460.5903853418477,0.0,0.736559652908221
62,-1504.9912791803372,1504.9912791803372,0.0,0.7328768546436799
63,-1461.5,1461.5,0.0,0.7292124703704616
64,-1526.471466064453,1526.471466064453,0.0,0.7255664080186093
65,-1526.9174706729843,1526.9174706729843,0.0,0.7219385759785162
66,-1302.8579915364578,1302.8579915364578,0.0,0.7183288830986236
67,-1664.6640625,1664.6640625,0.0,0.7147372386831305
68,-1439.7138566853084,1439.7138566853084,0.0,0.7111635524897149
69,-1332.702289133896,1332.702289133896,0.0,0.7076077347272662
70,-1359.0,1357.0,2.0,0.7040696960536299
71,-1630.7291666666667,1630.7291666666667,0.0,0.7005493475733617
72,-1310.3655948638916,1310.3655948638916,0.0,0.697046600835495
73,-1273.705712904321,1273.705712904321,0.0,0.6935613678313175
74,-1322.6666666666663,1322.6666666666663,0.0,0.6900935609921609
75,-1604.586888519089,1597.586888519089,7.0,0.6866430931872001
76,-1534.5625000000002,1534.5625000000002,0.0,0.6832098777212641
77,-1232.0,1232.0,0.0,0.6797938283326578
78,-1518.5849688847863,1518.5849688847863,0.0,0.6763948591909945
79,-1510.390625,1510.390625,0.0,0.6730128848950395
80,-1505.25,1505.25,0.0,0.6696478204705644
81,-1672.625788649002,1672.625788649002,0.0,0.6662995813682115
82,-1338.2543190850151,1338.2543190850151,0.0,0.6629680834613705
83,-1407.0,1407.0,0.0,0.6596532430440636
84,-1428.9999999999998,1428.9999999999998,0.0,0.6563549768288433
85,-1573.9999999999995,1573.9999999999995,0.0,0.653073201944699
86,-1427.2554637494743,1427.2554637494743,0.0,0.6498078359349755
87,-1379.9999999999998,1379.9999999999998,0.0,0.6465587967553006
88,-1416.0866970486109,1416.0866970486109,0.0,0.6433260027715241
89,-1362.25,1362.25,0.0,0.6401093727576664
90,-1518.5856229224642,1518.5856229224642,0.0,0.6369088258938781
91,-1400.526900679977,1400.526900679977,0.0,0.6337242817644086
92,-1320.7739016215007,1320.7739016215007,0.0,0.6305556603555866
93,-1333.8124999999998,1333.8124999999998,0.0,0.6274028820538087
94,-1360.9999999999995,1360.9999999999995,0.0,0.6242658676435396
95,-1558.2997685185182,1558.2997685185182,0.0,0.6211445383053219
96,-1422.7499999999995,1422.7499999999995,0.0,0.6180388156137953
97,-1511.0000000000002,1511.0000000000002,0.0,0.6149486215357263
98,-1583.2499999999995,1583.2499999999995,0.0,0.6118738784280476
99,-1488.9375,1488.9375,0.0,0.6088145090359074
100,-1507.2033691406248,1507.2033691406248,0.0,0.6057704364907278
101,-1384.2876240671824,1384.2876240671824,0.0,0.6027415843082742
102,-1417.2329101562502,1417.2329101562502,0.0,0.5997278763867329
103,-1256.2604166666663,1256.2604166666663,0.0,0.5967292370047992
104,-1374.0520884179614,1374.0520884179614,0.0,0.5937455908197752
105,-1460.5881890190967,1460.5881890190967,0.0,0.5907768628656763
106,-1417.791631271442,1417.791631271442,0.0,0.5878229785513479
107,-1474.432834201389,1474.432834201389,0.0,0.5848838636585911
108,-1428.7993827160494,1428.7993827160494,0.0,0.5819594443402982
109,-1433.25,1433.25,0.0,0.5790496471185967
110,-1322.8333333333337,1322.8333333333337,0.0,0.5761543988830038
111,-1331.0,1331.0,0.0,0.5732736268885887
112,-1505.2508850097654,1505.2508850097654,0.0,0.5704072587541458
113,-1371.561116536458,1371.561116536458,0.0,0.567555222460375
114,-1427.08447265625,1427.08447265625,0.0,0.5647174463480732
115,-1609.6011646412028,1609.6011646412028,0.0,0.5618938591163328
116,-1508.0891927083333,1508.0891927083333,0.0,0.5590843898207511
117,-1490.5081922743052,1488.5081922743052,2.0,0.5562889678716474
118,-1467.0151970003858,1467.0151970003858,0.0,0.5535075230322891
119,-1492.2343750000007,1492.2343750000007,0.0,0.5507399854171277
120,-1257.145399305556,1257.145399305556,0.0,0.547986285490042
121,-1251.5000000000002,1251.5000000000002,0.0,0.5452463540625918
122,-1230.9594605999227,1230.9594605999227,0.0,0.5425201222922789
123,-1395.9921875,1395.9921875,0.0,0.5398075216808175
124,-1351.7197300213682,1351.7197300213682,0.0,0.5371084840724134
125,-1426.1783854166667,1426.1783854166667,0.0,0.5344229416520513
126,-1534.2343750000002,1534.2343750000002,0.0,0.531750826943791
127,-1309.4135644700784,1309.4135644700784,0.0,0.5290920728090721
128,-1444.1249999999998,1444.1249999999998,0.0,0.5264466124450268
129,-1430.73359221289,1430.73359221289,0.0,0.5238143793828016
130,-1595.6419756677417,1595.6419756677417,0.0,0.5211953074858876
131,-1343.481848529664,1343.481848529664,0.0,0.5185893309484582
132,-1497.1406250000002,1497.1406250000002,0.0,0.5159963842937159
133,-1418.0000000000007,1418.0000000000007,0.0,0.5134164023722473
134,-1415.4999999999998,1415.4999999999998,0.0,0.510849320360386
135,-1315.465675288779,1315.465675288779,0.0,0.5082950737585841
136,-1515.6458333333333,1515.6458333333333,0.0,0.5057535983897912
137,-1558.509765625,1558.509765625,0.0,0.5032248303978422
138,-1612.603515624999,1612.603515624999,0.0,0.500708706245853
139,-1401.4609375000002,1401.4609375000002,0.0,0.4982051627146237
140,-1462.0348815917966,1462.0348815917966,0.0,0.49571413690105054
141,-1391.0625,1391.0625,0.0,0.4932355662165453
142,-1406.1605460712449,1406.1605460712449,0.0,0.4907693883854626
143,-1162.3724795654414,1162.3724795654414,0.0,0.4883155414435353
144,-1411.717335557782,1411.717335557782,0.0,0.4858739637363176
145,-1452.7008360065058,1452.7008360065058,0.0,0.483444593917636
146,-1560.5937499999995,1560.5937499999995,0.0,0.4810273709480478
147,-1424.7236337359582,1424.7236337359582,0.0,0.47862223409330756
148,-1442.9875488281248,1442.9875488281248,0.0,0.47622912292284103
149,-1302.1212666829429,1302.1212666829429,0.0,0.4738479773082268
150,-1207.8083643030238,1205.8083643030238,2.0,0.47147873742168567
151,-1508.75,1508.75,0.0,0.46912134373457726
152,-1251.515625,1251.515625,0.0,0.46677573701590436
153,-1453.513020833333,1453.513020833333,0.0,0.46444185833082485
154,-1573.5839843750002,1573.5839843750002,0.0,0.46211964903917074
155,-1537.6149908542848,1537.6149908542848,0.0,0.4598090507939749
156,-1562.2500000000007,1562.2500000000007,0.0,0.457510005540005
157,-1391.125,1391.125,0.0,0.45522245551230495
158,-1464.0,1464.0,0.0,0.4529463432347434
159,-1501.4471842447917,1501.4471842447917,0.0,0.4506816115185697
160,-1667.4688573060205,1667.4688573060205,0.0,0.4484282034609769
161,-1420.7500000000002,1420.7500000000002,0.0,0.446186062443672
162,-1286.0000000000007,1286.0000000000007,0.0,0.4439551321314536
163,-1382.342610731566,1382.342610731566,0.0,0.4417353564707963
164,-1329.4593315804775,1329.4593315804775,0.0,0.43952667968844233
165,-1406.2234504527103,1406.2234504527103,0.0,0.43732904629000013
166,-1414.4817708333335,1414.4817708333335,0.0,0.4351424010585501
167,-1438.4111328124998,1438.4111328124998,0.0,0.43296668905325736
168,-1363.0890721342687,1363.0890721342687,0.0,0.43080185560799106
169,-1525.21875,1525.21875,0.0,0.4286478463299511
170,-1389.7135597511576,1389.7135597511576,0.0,0.42650460709830135
171,-1360.369791666667,1360.369791666667,0.0,0.42437208406280985
172,-1428.6489958557802,1428.6489958557802,0.0,0.4222502236424958
173,-1476.9999999999998,1476.9999999999998,0.0,0.42013897252428334
174,-1339.5312500000005,1339.5312500000005,0.0,0.4180382776616619
175,-1723.8188188721738,1723.8188188721738,0.0,0.4159480862733536
176,-1531.0000000000005,1531.0000000000005,0.0,0.41386834584198684
177,-1442.181640625,1442.181640625,0.0,0.4117990041127769
178,-1216.6672295464407,1209.6672295464407,7.0,0.40974000909221303
179,-1220.0000000000002,1220.0000000000002,0.0,0.40769130904675194
180,-1577.9114870583571,1577.9114870583571,0.0,0.40565285250151817
181,-1475.0042480835123,1475.0042480835123,0.0,0.4036245882390106
182,-1482.2499999999998,1482.2499999999998,0.0,0.4016064652978155
183,-1478.5755208333333,1478.5755208333333,0.0,0.3995984329713264
184,-1463.1143261316872,1463.1143261316872,0.0,0.3976004408064698
185,-1401.0983734130862,1401.0983734130862,0.0,0.39561243860243744
186,-1441.875,1441.875,0.0,0.3936343764094253
187,-1400.454549153646,1400.454549153646,0.0,0.39166620452737816
188,-1426.7075442738003,1426.7075442738003,0.0,0.3897078735047413
189,-1383.0707254919992,1383.0707254919992,0.0,0.3877593341372176
190,-1246.6618917310057,1246.6618917310057,0.0,0.3858205374665315
191,-1299.72119140625,1299.72119140625,0.0,0.38389143477919885
192,-1497.2167968750002,1497.2167968750002,0.0,0.3819719776053028
193,-1560.4010416666667,1560.4010416666667,0.0,0.3800621177172763
194,-1440.915676608084,1440.915676608084,0.0,0.37816180712868996
195,-1445.0457356770833,1445.0457356770833,0.0,0.37627099809304654
196,-1625.0625,1625.0625,0.0,0.3743896431025813
197,-1426.0,1426.0,0.0,0.37251769488706843
198,-1547.2433431942814,1547.2433431942814,0.0,0.3706551064126331
199,-1454.062282791847,1454.062282791847,0.0,0.36880183088056995
200,-1317.0000000000005,1317.0000000000005,0.0,0.3669578217261671
201,-1488.077907986111,1488.077907986111,0.0,0.36512303261753626
202,-1491.241023924888,1491.241023924888,0.0,0.3632974174544486
203,-1268.6972475405094,1268.6972475405094,0.0,0.3614809303671764
204,-1379.8085496690537,1379.8085496690537,0.0,0.3596735257153405
205,-1380.9999999999995,1380.9999999999995,0.0,0.3578751580867638
206,-1468.1616210937498,1468.1616210937498,0.0,0.35608578229633
207,-1466.5,1466.5,0.0,0.3543053533848483
208,-1602.5287068684893,1602.5287068684893,0.0,0.35253382661792404
209,-1316.0000000000005,1309.0000000000005,7.0,0.3507711574848344
210,-1423.9999999999998,1423.9999999999998,0.0,0.34901730169741024
211,-1333.4062499999998,1333.4062499999998,0.0,0.3472722151889232
212,-1461.2500000000002,1461.2500000000002,0.0,0.3455358541129786
213,-1415.1161549886062,1415.1161549886062,0.0,0.3438081748424137
214,-1455.7173145280942,1455.7173145280942,0.0,0.3420891339682016
215,-1448.8865032196043,1448.8865032196043,0.0,0.3403786882983606
216,-1615.8333333333333,1615.8333333333333,0.0,0.3386767948568688
217,-1396.858926872964,1396.858926872964,0.0,0.33698341088258443
218,-1295.249545097351,1295.249545097351,0.0,0.3352984938281715
219,-1468.8861490885415,1468.8861490885415,0.0,0.33362200135903064
220,-1405.3750000000007,1405.3750000000007,0.0,0.33195389135223546
221,-1433.1249999999998,1433.1249999999998,0.0,0.3302941218954743
222,-1441.0,1441.0,0.0,0.32864265128599696
223,-1519.5432739257806,1519.5432739257806,0.0,0.326999438029567
224,-1255.0,1255.0,0.0,0.3253644408394192
225,-1498.4999999999998,1498.4999999999998,0.0,0.3237376186352221
226,-1427.0,1427.0,0.0,0.322118930542046
227,-1527.5008296966553,1527.5008296966553,0.0,0.32050833588933575
228,-1379.0000000000002,1376.0000000000002,3.0,0.31890579420988907
229,-1504.15661441189,1504.15661441189,0.0,0.3173112652388396
230,-1586.4863688151045,1586.4863688151045,0.0,0.3157247089126454
231,-1346.0,1346.0,0.0,0.3141460853680822
232,-1423.2760416666667,1423.2760416666667,0.0,0.3125753549412418
233,-1468.458333333333,1468.458333333333,0.0,0.31101247816653554
234,-1360.3498263888887,1360.3498263888887,0.0,0.30945741577570285
235,-1513.0000000000005,1513.0000000000005,0.0,0.3079101286968243
236,-1412.919372558594,1412.919372558594,0.0,0.3063705780533402
237,-1362.0388738711677,1362.0388738711677,0.0,0.30483872516307353
238,-1444.929826999761,1444.929826999761,0.0,0.3033145315372582
239,-1634.9192708333333,1634.9192708333333,0.0,0.3017979588795719
240,-1445.0853090370094,1445.0853090370094,0.0,0.30028896908517405
241,-1479.25,1479.25,0.0,0.2987875242397482
242,-1631.6903463943027,1631.6903463943027,0.0,0.29729358661854943
243,-1386.545428240741,1386.545428240741,0.0,0.29580711868545667
244,-1430.3791543070533,1415.3791543070533,15.0,0.2943280830920294
245,-1352.4999999999998,1352.4999999999998,0.0,0.29285644267656924
246,-1445.0,1445.0,0.0,0.2913921604631864
247,-1463.0625000000005,1462.0625000000005,1.0,0.28993519966087045
248,-1558.955159505208,1558.955159505208,0.0,0.2884855236625661
249,-1531.9999999999998,1531.9999999999998,0.0,0.28704309604425327
250,-1491.6853298611113,1491.6853298611113,0.0,0.285607880564032
251,-1420.3888888888891,1420.3888888888891,0.0,0.28417984116121187
252,-1407.3333333333333,1407.3333333333333,0.0,0.2827589419554058
253,-1546.203560228701,1546.203560228701,0.0,0.28134514724562876
254,-1377.2500000000005,1377.2500000000005,0.0,0.2799384215094006
255,-1512.4022861056856,1512.4022861056856,0.0,0.27853872940185365
256,-1532.4999999999998,1532.4999999999998,0.0,0.27714603575484437
257,-1455.5842013888894,1455.5842013888894,0.0,0.2757603055760701
258,-1419.96875,1416.96875,3.0,0.2743815040481898
259,-1540.6875,1540.6875,0.0,0.2730095965279488
260,-1410.6253289116753,1410.6253289116753,0.0,0.27164454854530906
261,-1464.4429012345677,1464.4429012345677,0.0,0.2702863258025825
262,-1533.2087594491466,1533.2087594491466,0.0,0.2689348941735696
263,-1411.3125,1411.3125,0.0,0.26759021970270175
264,-1395.8952345671476,1395.8952345671476,0.0,0.2662522686041882
265,-1458.6875000000005,1458.6875000000005,0.0,0.2649210072611673
266,-1500.609375,1489.609375,11.0,0.26359640222486147
267,-1565.3749999999993,1565.3749999999993,0.0,0.26227842021373715
268,-1485.0,1485.0,0.0,0.2609670281126685
269,-1500.4001464843745,1500.4001464843745,0.0,0.25966219297210513
270,-1397.7536621093755,1397.7536621093755,0.0,0.2583638820072446
271,-1605.0,1605.0,0.0,0.2570720625972084
272,-1438.361400462963,1437.361400462963,1.0,0.25578670228422234
273,-1448.9999999999998,1448.9999999999998,0.0,0.25450776877280124
274,-1491.6622384654142,1491.6622384654142,0.0,0.2532352299289372
275,-1433.1562500000002,1433.1562500000002,0.0,0.2519690537792925
276,-1449.0176881684197,1449.0176881684197,0.0,0.2507092085103961
277,-1589.7500000000002,1589.7500000000002,0.0,0.2494556624678441
278,-1328.0000000000002,1328.0000000000002,0.0,0.24820838415550486
279,-1390.01694894759,1390.01694894759,0.0,0.24696734223472733
280,-1474.6328125,1474.6328125,0.0,0.2457325055235537
281,-1455.0000000000007,1455.0000000000007,0.0,0.24450384299593592
282,-1333.1833577765751,1329.1833577765751,4.0,0.24328132378095624
283,-1472.2037037037035,1472.2037037037035,0.0,0.24206491716205145
284,-1506.0000000000002,1506.0000000000002,0.0,0.2408545925762412
285,-1332.7078450520835,1332.7078450520835,0.0,0.23965031961336
286,-1681.5587836371528,1681.5587836371528,0.0,0.2384520680152932
287,-1275.833333333333,1275.833333333333,0.0,0.23725980767521673
288,-1311.9999999999995,1311.9999999999995,0.0,0.23607350863684065
289,-1303.6230468749998,1303.6230468749998,0.0,0.23489314109365644
290,-1410.0625,1410.0625,0.0,0.23371867538818816
291,-1404.7864583333337,1400.7864583333337,4.0,0.23255008201124722
292,-1422.5833333333333,1422.5833333333333,0.0,0.231387331601191
293,-1465.151041666667,1465.151041666667,0.0,0.23023039494318503
294,-1528.15625,1528.15625,0.0,0.2290792429684691
295,-1574.8911876286008,1574.8911876286008,0.0,0.22793384675362674
296,-1459.2138129340276,1459.2138129340276,0.0,0.22679417751985861
297,-1566.4999999999995,1566.4999999999995,0.0,0.22566020663225933
298,-1337.0,1337.0,0.0,0.22453190559909803
299,-1521.1249999999998,1521.1249999999998,0.0,0.22340924607110255
300,-1526.8259991672294,1526.8259991672294,0.0,0.22229219984074702
301,-1371.0000000000005,1371.0000000000005,0.0,0.2211807388415433
302,-1314.2866346571177,1314.2866346571177,0.0,0.22007483514733558
303,-1522.0000000000005,1522.0000000000005,0.0,0.2189744609715989
304,-1477.5380859375005,1477.5380859375005,0.0,0.2178795886667409
305,-1272.0312499999998,1272.0312499999998,0.0,0.2167901907234072
306,-1561.75,1561.75,0.0,0.21570623976979014
307,-1500.332180341085,1500.332180341085,0.0,0.21462770857094118
308,-1328.540547688802,1328.540547688802,0.0,0.21355457002808648
309,-1367.0,1367.0,0.0,0.21248679717794605
310,-1577.8125,1577.8125,0.0,0.21142436319205632
311,-1335.0,1335.0,0.0,0.21036724137609603
312,-1511.0,1511.0,0.0,0.20931540516921554
313,-1384.7285595957308,1380.7285595957308,4.0,0.20826882814336947
314,-1446.0,1446.0,0.0,0.20722748400265262
315,-1398.0039220157873,1398.0039220157873,0.0,0.20619134658263935
316,-1459.9814814814818,1459.9814814814818,0.0,0.20516038984972615
317,-1430.9001665782537,1430.9001665782537,0.0,0.2041345879004775
318,-1343.3621773189966,1343.3621773189966,0.0,0.2031139149609751
319,-1580.7500000000002,1580.7500000000002,0.0,0.20209834538617025
320,-1416.0000000000002,1416.0000000000002,0.0,0.2010878536592394
321,-1579.534911197093,1579.534911197093,0.0,0.2000824143909432
322,-1363.0000000000002,1363.0000000000002,0.0,0.19908200231898848
323,-1459.5416666666663,1459.5416666666663,0.0,0.19808659230739353
324,-1491.7712191358028,1491.7712191358028,0.0,0.19709615934585656
325,-1506.5090568359517,1506.5090568359517,0.0,0.19611067854912728
326,-1401.6484375,1401.6484375,0.0,0.19513012515638165
327,-1199.6342190715018,1199.6342190715018,0.0,0.19415447453059972
328,-1482.0000000000005,1482.0000000000005,0.0,0.19318370215794672
329,-1541.7343750000002,1541.7343750000002,0.0,0.192217783647157
330,-1414.1671142578125,1414.1671142578125,0.0,0.1912566947289212
331,-1281.5564236111113,1281.5564236111113,0.0,0.1903004112552766
332,-1573.075152079264,1573.075152079264,0.0,0.18934890919900021
333,-1557.89453125,1557.89453125,0.0,0.18840216465300522
334,-1480.400651799308,1480.400651799308,0.0,0.18746015382974018
335,-1484.9280327690972,1484.9280327690972,0.0,0.1865228530605915
336,-1472.1552056206592,1472.1552056206592,0.0,0.18559023879528855
337,-1415.5891025940061,1415.5891025940061,0.0,0.1846622876013121
338,-1304.3983892746917,1304.3983892746917,0.0,0.18373897616330553
339,-1696.3281250000007,1696.3281250000007,0.0,0.182820281282489
340,-1372.3543836805554,1372.3543836805554,0.0,0.18190617987607657
341,-1494.9999999999995,1494.9999999999995,0.0,0.18099664897669618
342,-1269.0312499999995,1269.0312499999995,0.0,0.1800916657318127
343,-1406.2499999999998,1406.2499999999998,0.0,0.17919120740315364
344,-1326.9303385416667,1326.9303385416667,0.0,0.17829525136613786
345,-1471.25,1470.25,1.0,0.17740377510930716
346,-1526.1258198302469,1526.1258198302469,0.0,0.17651675623376062
347,-1322.8125000000005,1322.8125000000005,0.0,0.1756341724525918
348,-1334.3886096830718,1334.3886096830718,0.0,0.17475600159032884
349,-1403.4843749999995,1403.4843749999995,0.0,0.17388222158237718
350,-1324.0,1324.0,0.0,0.1730128104744653
351,-1473.0,1473.0,0.0,0.17214774642209296
352,-1535.1699467411745,1535.1699467411745,0.0,0.1712870076899825
353,-1408.0000000000005,1406.0000000000005,2.0,0.17043057265153258
354,-1559.1729600694448,1559.1729600694448,0.0,0.16957841978827493
355,-1373.3593750000002,1373.3593750000002,0.0,0.16873052768933355
356,-1388.8906250000005,1388.8906250000005,0.0,0.1678868750508869
357,-1472.0,1472.0,0.0,0.16704744067563246
358,-1499.9177517361106,1499.9177517361106,0.0,0.1662122034722543
359,-1488.9751157407413,1488.9751157407413,0.0,0.16538114245489302
360,-1292.9374999999998,1292.9374999999998,0.0,0.16455423674261854
361,-1565.0,1565.0,0.0,0.16373146555890544
362,-1459.0494791666667,1459.0494791666667,0.0,0.16291280823111093
363,-1533.709994157155,1533.709994157155,0.0,0.16209824418995536
364,-1553.2896163375287,1553.2896163375287,0.0,0.16128775296900558
365,-1470.0000000000002,1470.0000000000002,0.0,0.16048131420416054
366,-1401.7500000000002,1401.7500000000002,0.0,0.15967890763313974
367,-1509.0000000000002,1509.0000000000002,0.0,0.15888051309497406
368,-1409.0078125,1400.0078125,9.0,0.1580861105294992
369,-1461.9243875152783,1461.9243875152783,0.0,0.1572956799768517
370,-1568.6874999999998,1568.6874999999998,0.0,0.15650920157696743
371,-1589.0020764432002,1589.0020764432002,0.0,0.1557266555690826
372,-1375.2141147196292,1375.2141147196292,0.0,0.1549480222912372
373,-1324.6249999999998,1324.6249999999998,0.0,0.15417328217978102
374,-1459.7499999999995,1459.7499999999995,0.0,0.1534024157688821
375,-1494.6940104166674,1494.6940104166674,0.0,0.1526354036900377
376,-1523.7187500000005,1521.7187500000005,2.0,0.1518722266715875
377,-1485.388671875,1485.388671875,0.0,0.15111286553822956
378,-1499.1874999999998,1499.1874999999998,0.0,0.15035730121053842
379,-1321.212448559671,1321.212448559671,0.0,0.14960551470448571
380,-1361.3749999999998,1361.3749999999998,0.0,0.14885748713096328
381,-1641.5938032173813,1641.5938032173813,0.0,0.14811319969530845
382,-1470.0000000000002,1470.0000000000002,0.0,0.1473726336968319
383,-1294.128126504163,1294.128126504163,0.0,0.14663577052834775
384,-1311.7369791666667,1311.7369791666667,0.0,0.14590259167570602
385,-1365.5746527777787,1365.5746527777787,0.0,0.1451730787173275
386,-1284.0,1284.0,0.0,0.14444721332374086
387,-1441.7500000000005,1441.7500000000005,0.0,0.14372497725712216
388,-1386.96875,1386.96875,0.0,0.14300635237083656
389,-1375.5,1375.5,0.0,0.14229132060898236
390,-1296.5712178548179,1296.5712178548179,0.0,0.14157986400593744
391,-1384.4166666666663,1384.4166666666663,0.0,0.14087196468590776
392,-1554.9999999999995,1548.9999999999998,6.0,0.14016760486247823
393,-1709.5719493043762,1709.5719493043762,0.0,0.13946676683816583
394,-1522.125,1522.125,0.0,0.138769433003975
395,-1554.675365306713,1554.675365306713,0.0,0.13807558583895513
396,-1409.113610104796,1409.113610104796,0.0,0.13738520790976036
397,-1526.0624999999998,1526.0624999999998,0.0,0.13669828187021155
398,-1368.422773361206,1368.422773361206,0.0,0.13601479046086049
399,-1476.2599283854165,1476.2599283854165,0.0,0.1353347165085562
400,-1565.3749999999998,1565.3749999999998,0.0,0.1346580429260134
401,-1517.7513605753577,1510.7513605753577,7.0,0.13398475271138335
402,-1570.5585937500002,1570.5585937500002,0.0,0.13331482894782642
403,-1488.2499999999998,1488.2499999999998,0.0,0.13264825480308728
404,-1314.5185038778518,1314.5185038778518,0.0,0.13198501352907185
405,-1482.0000000000002,1482.0000000000002,0.0,0.1313250884614265
406,-1400.6249999999998,1400.6249999999998,0.0,0.13066846301911936
407,-1412.7581383613526,1412.7581383613526,0.0,0.13001512070402377
408,-1361.3609831068252,1361.3609831068252,0.0,0.12936504510050365
409,-1524.6666666666665,1524.6666666666665,0.0,0.12871821987500112
410,-1427.5625,1424.5625,3.0,0.12807462877562611
411,-1503.0000000000002,1503.0000000000002,0.0,0.12743425563174798
412,-1448.416666666667,1448.416666666667,0.0,0.12679708435358925
413,-1516.943142361111,1516.943142361111,0.0,0.1261630989318213
414,-1443.6875000000002,1443.6875000000002,0.0,0.1255322834371622
415,-1431.3845951292249,1431.3845951292249,0.0,0.12490462201997637
416,-1315.0023190205263,1315.0023190205263,0.0,0.1242800989098765
417,-1342.5846354166667,1342.5846354166667,0.0,0.12365869841532712
418,-1455.0,1455.0,0.0,0.12304040492325048
419,-1624.2846776057725,1624.2846776057725,0.0,0.12242520289863423
420,-1458.5064175923665,1458.5064175923665,0.0,0.12181307688414106
421,-1473.5623041788735,1473.5623041788735,0.0,0.12120401149972035
422,-1551.975341796874,1551.975341796874,0.0,0.12059799144222175
423,-1209.5850542430526,1209.5850542430526,0.0,0.11999500148501063
424,-1509.5533854166665,1509.5533854166665,0.0,0.11939502647758558
425,-1475.0,1475.0,0.0,0.11879805134519765
426,-1420.000000000001,1420.000000000001,0.0,0.11820406108847166
427,-1518.0,1518.0,0.0,0.1176130407830293
428,-1473.9999999999998,1473.9999999999998,0.0,0.11702497557911415
429,-1279.8925594753694,1275.8925594753694,4.0,0.11643985070121858
430,-1486.0,1486.0,0.0,0.11585765144771248
431,-1424.4097222222222,1424.4097222222222,0.0,0.11527836319047392
432,-1419.9583333333337,1419.9583333333337,0.0,0.11470197137452155
433,-1431.0555555555554,1431.0555555555554,0.0,0.11412846151764894
434,-1579.5818378660415,1579.5818378660415,0.0,0.1135578192100607
435,-1614.25,1614.25,0.0,0.11299003011401039
436,-1402.694444444445,1402.694444444445,0.0,0.11242507996344034
437,-1480.0000000000007,1480.0000000000007,0.0,0.11186295456362313
438,-1363.8769108720671,1363.8769108720671,0.0,0.11130363979080501
439,-1448.0,1448.0,0.0,0.11074712159185099
440,-1451.4166666666665,1450.4166666666665,1.0,0.11019338598389174
441,-1296.5455729166667,1294.5455729166667,2.0,0.10964241905397228
442,-1467.0,1467.0,0.0,0.10909420695870241
443,-1354.0246953768,1354.0246953768,0.0,0.1085487359239089
444,-1437.401041666667,1437.401041666667,0.0,0.10800599224428936
445,-1331.2812499999995,1331.2812499999995,0.0,0.10746596228306791
446,-1424.104654947917,1424.104654947917,0.0,0.10692863247165257
447,-1278.6720593615814,1278.6720593615814,0.0,0.1063939893092943
448,-1281.5533625284831,1281.5533625284831,0.0,0.10586201936274783
449,-1278.0000000000002,1278.0000000000002,0.0,0.10533270926593409
450,-1681.0260416666665,1681.0260416666665,0.0,0.10480604571960442
451,-1258.9999999999995,1258.9999999999995,0.0,0.1042820154910064
452,-1257.5,1257.5,0.0,0.10376060541355137
453,-1558.3828125,1558.3828125,0.0,0.1032418023864836
454,-1482.9999999999998,1482.9999999999998,0.0,0.10272559337455119
455,-1442.555421405368,1442.555421405368,0.0,0.10221196540767843
456,-1498.0,1498.0,0.0,0.10170090558064004
457,-1490.6730143229167,1490.6730143229167,0.0,0.10119240105273684
458,-1380.1389973958337,1380.1389973958337,0.0,0.10068643904747315
459,-1375.4794921875,1375.4794921875,0.0,0.10018300685223579
460,-1243.0092592592591,1243.0092592592591,0.0,0.0996820918179746
461,-1451.8541666666665,1451.8541666666665,0.0,0.09918368135888474
462,-1445.810546875,1445.810546875,0.0,0.09868776295209031
463,-1606.9375,1606.9375,0.0,0.09819432413732986
464,-1508.5,1508.5,0.0,0.09770335251664321
465,-1480.966796875,1480.966796875,0.0,0.09721483575406
466,-1684.9085648148148,1684.9085648148148,0.0,0.09672876157528969
467,-1480.4853197350915,1480.4853197350915,0.0,0.09624511776741324
468,-1606.375,1604.375,2.0,0.09576389217857617
469,-1484.0082705925977,1484.0082705925977,0.0,0.09528507271768329
470,-1450.8565840131691,1450.8565840131691,0.0,0.09480864735409487
471,-1645.9287109375,1645.9287109375,0.0,0.0943346041173244
472,-1508.0625,1508.0625,0.0,0.09386293109673778
473,-1359.7760416666665,1359.7760416666665,0.0,0.09339361644125409
474,-1332.1992633086113,1332.1992633086113,0.0,0.09292664835904782
475,-1373.125,1373.125,0.0,0.09246201511725258
476,-1647.0727539062498,1637.0727539062498,10.0,0.09199970504166631
477,-1511.6442828066645,1511.6442828066645,0.0,0.09153970651645797
478,-1354.7802734374998,1354.7802734374998,0.0,0.09108200798387568
479,-1554.0597966512046,1554.0597966512046,0.0,0.0906265979439563
480,-1546.666146705181,1546.666146705181,0.0,0.09017346495423652
481,-1376.8467068142363,1376.8467068142363,0.0,0.08972259762946533
482,-1269.5,1269.5,0.0,0.089273984641318
483,-1359.7368164062502,1359.7368164062502,0.0,0.0888276147181114
484,-1392.2735474083481,1392.2735474083481,0.0,0.08838347664452084
485,-1514.4999999999998,1514.4999999999998,0.0,0.08794155926129824
486,-1488.25,1488.25,0.0,0.08750185146499175
487,-1413.0578703703702,1413.0578703703702,0.0,0.08706434220766679
488,-1439.6718207597733,1439.6718207597733,0.0,0.08662902049662846
489,-1504.8333333333333,1502.8333333333333,2.0,0.08619587539414532
490,-1536.9918506763602,1536.9918506763602,0.0,0.08576489601717459
491,-1468.916666666667,1468.916666666667,0.0,0.08533607153708872
492,-1572.5833333333337,1572.5833333333337,0.0,0.08490939117940327
493,-1557.0959656850137,1557.0959656850137,0.0,0.08448484422350626
494,-1535.5000000000002,1535.5000000000002,0.0,0.08406242000238873
495,-1444.7499999999998,1444.7499999999998,0.0,0.08364210790237678
496,-1511.768229166667,1511.768229166667,0.0,0.0832238973628649
497,-1541.5740740740744,1541.5740740740744,0.0,0.08280777787605056
498,-1575.321658546726,1575.321658546726,0.0,0.08239373898667031
499,-1556.8628472222222,1556.8628472222222,0.0,0.08198177029173696
500,-1252.1695098876955,1252.1695098876955,0.0,0.08157186144027828
501,-1515.1308593749995,1515.1308593749995,0.0,0.0811640021330769
502,-1437.489470539372,1437.489470539372,0.0,0.08075818212241151
503,-1315.7366824746132,1315.7366824746132,0.0,0.08035439121179945
504,-1540.0833333333335,1540.0833333333335,0.0,0.07995261925574046
505,-1518.3970122160742,1518.3970122160742,0.0,0.07955285615946175
506,-1500.5839843749998,1500.5839843749998,0.0,0.07915509187866444
507,-1434.2981770833323,1428.2981770833323,6.0,0.07875931641927113
508,-1402.4423326180163,1402.4423326180163,0.0,0.07836551983717477
509,-1299.2266846753603,1299.2266846753603,0.0,0.07797369223798889
510,-1594.8333333333333,1594.8333333333333,0.0,0.07758382377679894
511,-1538.4588603278,1538.4588603278,0.0,0.07719590465791494
512,-1400.31536187066,1400.31536187066,0.0,0.07680992513462537
513,-1356.729166666667,1356.729166666667,0.0,0.07642587550895225
514,-1613.6906356811523,1613.6906356811523,0.0,0.07604374613140748
515,-1381.7500000000002,1381.7500000000002,0.0,0.07566352740075044
516,-1507.9101562499998,1507.9101562499998,0.0,0.07528520976374668
517,-1487.6953545856622,1487.6953545856622,0.0,0.07490878371492794
518,-1265.7786458333326,1265.7786458333326,0.0,0.0745342397963533
519,-1207.75,1207.75,0.0,0.07416156859737154
520,-1468.0,1468.0,0.0,0.07379076075438468
521,-1468.625,1468.625,0.0,0.07342180695061275
522,-1195.0,1195.0,0.0,0.07305469791585968
523,-1551.0,1551.0,0.0,0.07268942442628039
524,-1551.5142517089841,1551.5142517089841,0.0,0.07232597730414898
525,-1354.1710748672485,1354.1710748672485,0.0,0.07196434741762824
526,-1426.3463541666667,1426.3463541666667,0.0,0.0716045256805401
527,-1375.0208333333337,1375.0208333333337,0.0,0.0712465030521374
528,-1254.2500000000002,1254.2500000000002,0.0,0.0708902705368767
529,-1433.994539154901,1433.994539154901,0.0,0.07053581918419231
530,-1436.25,1436.25,0.0,0.07018314008827135
531,-1317.8280029296882,1317.8280029296882,0.0,0.06983222438783
532,-1547.2222222222222,1547.2222222222222,0.0,0.06948306326589085
533,-1613.5404288523482,1613.5404288523482,0.0,0.0691356479495614
534,-1535.0,1535.0,0.0,0.06878996970981359
535,-1564.3396855901785,1564.3396855901785,0.0,0.06844601986126451
536,-1348.246076135447,1348.246076135447,0.0,0.06810378976195819
537,-1390.2861328124998,1390.2861328124998,0.0,0.0677632708131484
538,-1428.2509765625,1428.2509765625,0.0,0.06742445445908266
539,-1383.375,1383.375,0.0,0.06708733218678724
540,-1456.5,1447.5,9.0,0.0667518955258533
541,-1613.0,1613.0,0.0,0.06641813604822402
542,-1495.0342407226558,1495.0342407226558,0.0,0.0660860453679829
543,-1599.661458333333,1599.661458333333,0.0,0.06575561514114299
544,-1379.1043438381616,1379.1043438381616,0.0,0.06542683706543727
545,-1503.2812499999998,1503.2812499999998,0.0,0.06509970288011008
546,-1520.5703124999995,1520.5703124999995,0.0,0.06477420436570952
547,-1394.2499999999998,1394.2499999999998,0.0,0.06445033334388098
548,-1444.6843605041502,1444.6843605041502,0.0,0.06412808167716157
549,-1303.416666666667,1303.416666666667,0.0,0.06380744126877576
550,-1539.9999999999998,1539.9999999999998,0.0,0.06348840406243188
551,-1248.75,1248.75,0.0,0.06317096204211972
552,-1414.9670138888891,1414.9670138888891,0.0,0.06285510723190912
553,-1448.1963161892359,1448.1963161892359,0.0,0.06254083169574957
554,-1357.4594726562502,1357.4594726562502,0.0,0.062228127537270826
555,-1475.5276692708335,1475.5276692708335,0.0,0.06191698689958447
556,-1443.40625,1443.40625,0.0,0.061607401965086545
557,-1389.5312500000002,1384.5312500000002,5.0,0.06129936495526111
558,-1523.375,1523.375,0.0,0.0609928681304848
559,-1389.2552083333335,1389.2552083333335,0.0,0.060687903789832374
560,-1230.875,1230.875,0.0,0.06038446427088321
561,-1670.9999999999998,1670.9999999999998,0.0,0.06008254194952879
562,-1354.5,1354.5,0.0,0.05978212923978115
563,-1359.5624999999998,1359.5624999999998,0.0,0.05948321859358224
564,-1508.9340277777776,1508.9340277777776,0.0,0.05918580250061433
565,-1466.5,1466.5,0.0,0.058889873488111255
566,-1415.7890625,1415.7890625,0.0,0.058595424120670696
567,-1481.75,1481.75,0.0,0.05830244700006734
568,-1596.9800438418285,1596.9800438418285,0.0,0.058010934765067
569,-1536.079645741996,1536.079645741996,0.0,0.05772088009124167
570,-1338.0937499999995,1338.0937499999995,0.0,0.05743227569078546
571,-1413.1814056679057,1413.1814056679057,0.0,0.05714511431233153
572,-1457.125,1457.125,0.0,0.05685938874076987
573,-1353.4023437499998,1342.4023437499998,11.0,0.056575091797066025
574,-1545.6944444444446,1545.6944444444446,0.0,0.056292216338080694
575,-1266.2641059027776,1266.2641059027776,0.0,0.05601075525639029
576,-1404.5625000000002,1404.5625000000002,0.0,0.05573070148010834
577,-1511.8125000000005,1511.8125000000005,0.0,0.0554520479727078
578,-1308.6875,1308.6875,0.0,0.05517478773284426
579,-1608.7044270833333,1608.7044270833333,0.0,0.05489891379418004
580,-1449.7723654671568,1449.7723654671568,0.0,0.05462441922520914
581,-1352.0370370370372,1352.0370370370372,0.0,0.0543512971290831
582,-1355.9999999999998,1355.9999999999998,0.0,0.05407954064343768
583,-1386.9999999999995,1386.9999999999995,0.0,0.05380914294022049
584,-1331.5757378472224,1331.5757378472224,0.0,0.05354009722551939
585,-1462.8124999999998,1462.8124999999998,0.0,0.05327239673939179
586,-1499.5000000000005,1499.5000000000005,0.0,0.053006034755694834
587,-1448.699182303784,1448.699182303784,0.0,0.052741004581916356
588,-1538.4375,1538.4375,0.0,0.052477299559006776
589,-1376.44140625,1376.44140625,0.0,0.052214913061211746
590,-1326.9843750000002,1326.9843750000002,0.0,0.05195383849590569
591,-1357.9999999999995,1357.9999999999995,0.0,0.05169406930342616
592,-1445.7331542968757,1445.7331542968757,0.0,0.05143559895690903
593,-1530.3749999999995,1530.3749999999995,0.0,0.051178420962124486
594,-1524.0000000000005,1524.0000000000005,0.0,0.05092252885731386
595,-1502.0130208333333,1495.0130208333333,7.0,0.05066791621302729
596,-1405.01318359375,1405.01318359375,0.0,0.05041457663196215
597,-1427.0,1427.0,0.0,0.050162503748802344
598,-1351.2407302150023,1349.2407302150023,2.0,0.049911691230058335
599,-1290.5416666666667,1290.5416666666667,0.0,0.04966213277390804
600,-1279.0000000000002,1279.0000000000002,0.0,0.0494138221100385
601,-1380.0000000000002,1380.0000000000002,0.0,0.04916675299948831
602,-1640.5528294363144,1640.5528294363144,0.0,0.04892091923449087
603,-1468.622273763021,1468.622273763021,0.0,0.04867631463831842
604,-1573.9218749999995,1571.9218749999995,2.0,0.048432933065126825
605,-1487.638888888889,1487.638888888889,0.0,0.048190768399801194
606,-1442.214988425926,1442.214988425926,0.0,0.04794981455780219
607,-1509.5675455729165,1502.5675455729165,7.0,0.04771006548501318
608,-1444.6929012345674,1444.6929012345674,0.0,0.047471515157588115
609,-1370.4532099564867,1370.4532099564867,0.0,0.047234157581800176
610,-1336.267293898626,1336.267293898626,0.0,0.046997986793891174
611,-1389.8654972712204,1389.8654972712204,0.0,0.04676299685992172
612,-1475.3315972222224,1475.3315972222224,0.0,0.04652918187562211
613,-1728.9843750000002,1728.9843750000002,0.0,0.046296535966244
614,-1478.1006944444446,1478.1006944444446,0.0,0.046065053286412784
615,-1547.9999999999998,1547.9999999999998,0.0,0.04583472801998072
616,-1465.25,1465.25,0.0,0.045605554379880814
617,-1402.0,1396.0,6.0,0.04537752660798141
618,-1170.9999999999995,1170.9999999999995,0.0,0.0451506389749415
619,-1602.3333333333335,1602.3333333333335,0.0,0.044924885780066794
620,-1440.5993923611113,1440.5993923611113,0.0,0.04470026135116646
621,-1561.5098809136282,1561.5098809136282,0.0,0.04447676004441063
622,-1443.8931274414065,1443.8931274414065,0.0,0.04425437624418858
623,-1500.329861111111,1500.329861111111,0.0,0.04403310436296763
624,-1337.2029201887196,1337.2029201887196,0.0,0.043812938841152796
625,-1515.125,1515.125,0.0,0.04359387414694703
626,-1560.8212687174478,1560.8212687174478,0.0,0.043375904776212296
627,-1319.0000000000002,1319.0000000000002,0.0,0.043159025252331236
628,-1241.2703791498664,1241.2703791498664,0.0,0.04294323012606958
629,-1447.375,1447.375,0.0,0.04272851397543923
630,-1433.6788194444446,1430.6788194444446,3.0,0.04251487140556204
631,-1441.3006365740741,1441.3006365740741,0.0,0.04230229704853423
632,-1456.9999999999998,1456.9999999999998,0.0,0.04209078556329156
633,-1626.4891357421877,1626.4891357421877,0.0,0.0418803316354751
634,-1283.6875000000007,1283.6875000000007,0.0,0.041670929977297724
635,-1264.603020744159,1264.603020744159,0.0,0.04146257532741124
636,-1555.1875000000002,1555.1875000000002,0.0,0.04125526245077418
637,-1253.645833333333,1253.645833333333,0.0,0.04104898613852031
638,-1427.6287434895833,1426.6287434895833,1.0,0.04084374120782771
639,-1484.0743634259259,1484.0743634259259,0.0,0.04063952250178857
640,-1437.0000000000005,1437.0000000000005,0.0,0.04043632488927963
641,-1371.9791666666667,1371.9791666666667,0.0,0.04023414326483323
642,-1388.974650065104,1388.974650065104,0.0,0.040032972548509065
643,-1536.75,1536.75,0.0,0.03983280768576652
644,-1363.2989784418544,1363.2989784418544,0.0,0.03963364364733769
645,-1610.0000000000002,1610.0000000000002,0.0,0.039435475429100995
646,-1454.7500000000007,1454.7500000000007,0.0,0.03923829805195549
647,-1357.2069589120367,1357.2069589120367,0.0,0.03904210656169572
648,-1584.9573567708335,1584.9573567708335,0.0,0.03884689602888724
649,-1393.0000000000002,1393.0000000000002,0.0,0.0386526615487428
650,-1350.9044596354167,1350.9044596354167,0.0,0.03845939824099909
651,-1367.9412019062966,1367.9412019062966,0.0,0.03826710124979409
652,-1310.375,1310.375,0.0,0.038075765743545126
653,-1538.613850911458,1538.613850911458,0.0,0.0378853869148274
654,-1579.75,1579.75,0.0,0.03769595998025326
655,-1271.0,1271.0,0.0,0.03750748018035199
656,-1663.0,1663.0,0.0,0.037319942779450235
657,-1497.8162216522073,1497.8162216522073,0.0,0.037133343065552986
658,-1281.8200954861113,1281.8200954861113,0.0,0.03694767635022522
659,-1529.7803954148944,1529.7803954148944,0.0,0.036762937968474095
660,-1319.583333333333,1316.583333333333,3.0,0.03657912327863173
661,-1493.2669791390379,1493.2669791390379,0.0,0.036396227662238566
662,-1493.75,1493.75,0.0,0.03621424652392737
663,-1350.129842122396,1349.129842122396,1.0,0.036033175291307735
664,-1446.9531249999998,1442.9531249999998,4.0,0.03585300941485119
665,-1547.7500000000002,1547.7500000000002,0.0,0.035673744367776934
666,-1524.3081868489578,1524.3081868489578,0.0,0.03549537564593805
667,-1355.4375000000007,1355.4375000000007,0.0,0.035317898767708356
668,-1448.0000000000007,1448.0000000000007,0.0,0.03514130927386981
669,-1513.9121093749998,1513.9121093749998,0.0,0.03496560272750046
670,-1408.0,1408.0,0.0,0.03479077471386296
671,-1560.7968749999998,1560.7968749999998,0.0,0.03461682084029365
672,-1345.4166666666665,1345.4166666666665,0.0,0.034443736736092176
673,-1447.765624999999,1447.765624999999,0.0,0.034271518052411715
674,-1668.1458333333333,1668.1458333333333,0.0,0.034100160462149656
675,-1343.098090277778,1343.098090277778,0.0,0.03392965965983891
676,-1471.0000000000002,1471.0000000000002,0.0,0.033760011361539714
677,-1372.8466059979926,1372.8466059979926,0.0,0.03359121130473201
678,-1400.6328125000002,1400.6328125000002,0.0,0.033423255248208356
679,-1253.78125,1253.78125,0.0,0.03325613897196732
680,-1487.33203125,1476.33203125,11.0,0.03308985827710748
681,-1479.05589359502,1479.05589359502,0.0,0.032924408985721944
682,-1463.7499999999998,1463.7499999999998,0.0,0.03275978694079333
683,-1411.7500000000002,1411.7500000000002,0.0,0.032595988006089364
684,-1345.3671875,1345.3671875,0.0,0.032433008066058915
685,-1430.1909722222217,1430.1909722222217,0.0,0.03227084302572862
686,-1343.290008544922,1343.290008544922,0.0,0.032109488810599975
687,-1597.0,1597.0,0.0,0.031948941366546975
688,-1599.0000000000002,1599.0000000000002,0.0,0.03178919665971424
689,-1544.9609375,1544.9609375,0.0,0.03163025067641567
690,-1463.0000000000005,1463.0000000000005,0.0,0.03147209942303359
691,-1463.1249999999998,1463.1249999999998,0.0,0.03131473892591842
692,-1425.9613420168562,1425.9613420168562,0.0,0.031158165231288826
693,-1352.1041666666667,1352.1041666666667,0.0,0.03100237440513238
694,-1489.0000000000005,1489.0000000000005,0.0,0.030847362533106718
695,-1611.9687500000002,1611.9687500000002,0.0,0.030693125720441184
696,-1337.9880144614492,1337.9880144614492,0.0,0.030539660091838977
697,-1546.1232253436992,1546.1232253436992,0.0,0.03038696179137978
698,-1415.503952026367,1415.503952026367,0.0,0.030235026982422884
699,-1268.0,1268.0,0.0,0.030083851847510768
700,-1313.5812893620246,1313.5812893620246,0.0,0.029933432588273214
701,-1420.0000000000002,1420.0000000000002,0.0,0.029783765425331846
702,-1331.80859375,1331.80859375,0.0,0.029634846598205186
703,-1416.0984489597217,1416.0984489597217,0.0,0.02948667236521416
704,-1395.0193854437932,1395.0193854437932,0.0,0.029339239003388088
705,-1151.9459053699861,1145.9459053699861,6.0,0.029192542808371146
706,-1548.6666666666665,1548.6666666666665,0.0,0.02904658009432929
707,-1453.4442933949913,1453.4442933949913,0.0,0.028901347193857643
708,-1384.665605224945,1384.665605224945,0.0,0.028756840457888354
709,-1523.614725112915,1517.614725112915,6.0,0.02861305625559891
710,-1536.633056640625,1536.633056640625,0.0,0.028469990974320916
711,-1464.3090277777774,1464.3090277777774,0.0,0.02832764101944931
712,-1305.8693949381513,1305.8693949381513,0.0,0.028186002814352063
713,-1631.7431647178614,1631.7431647178614,0.0,0.0280450728002803
714,-1417.0,1417.0,0.0,0.0279048474362789
715,-1122.6650897890775,1122.6650897890775,0.0,0.027765323199097504
716,-1240.7338542270438,1240.7338542270438,0.0,0.027626496583102015
717,-1453.106689453125,1453.106689453125,0.0,0.027488364100186506
718,-1286.36708107861,1286.36708107861,0.0,0.027350922279685573
719,-1343.348958333333,1343.348958333333,0.0,0.027214167668287145
720,-1421.0000000000005,1413.0000000000005,8.0,0.02707809682994571
721,-1355.7803819444441,1355.7803819444441,0.0,0.02694270634579598
722,-1538.3281249999998,1538.3281249999998,0.0,0.026807992814067
723,-1433.5392252604167,1433.5392252604167,0.0,0.026673952849996664
724,-1562.9409722222224,1562.9409722222224,0.0,0.02654058308574668
725,-1453.4375,1453.4375,0.0,0.026407880170317945
726,-1473.9374999999998,1473.9374999999998,0.0,0.026275840769466357
727,-1317.0,1317.0,0.0,0.026144461565619025
728,-1526.90625,1526.90625,0.0,0.02601373925779093
729,-1573.0013020833333,1573.0013020833333,0.0,0.025883670561501974
730,-1470.1843894675924,1470.1843894675924,0.0,0.025754252208694463
731,-1644.3750000000002,1644.3750000000002,0.0,0.02562548094765099
732,-1513.140625,1513.140625,0.0,0.025497353542912736
733,-1613.8124999999998,1613.8124999999998,0.0,0.02536986677519817
734,-1484.0000000000002,1484.0000000000002,0.0,0.02524301744132218
735,-1291.694875237383,1291.694875237383,0.0,0.025116802354115567
736,-1619.0784505208333,1619.0784505208333,0.0,0.024991218342344988
737,-1459.0,1459.0,0.0,0.024866262250633264
738,-1466.2567274305559,1466.2567274305559,0.0,0.024741930939380097
739,-1514.5534713179973,1514.5534713179973,0.0,0.024618221284683196
740,-1490.3167961968315,1490.3167961968315,0.0,0.02449513017825978
741,-1325.4375,1325.4375,0.0,0.02437265452736848
742,-1269.7664144661635,1269.7664144661635,0.0,0.024250791254731636
743,-1266.6364293981478,1266.6364293981478,0.0,0.024129537298457977
744,-1500.775616208712,1500.775616208712,0.0,0.024008889611965685
745,-1271.1537483121147,1271.1537483121147,0.0,0.023888845163905856
746,-1444.0109337700742,1444.0109337700742,0.0,0.023769400938086327
747,-1429.6388888888891,1429.6388888888891,0.0,0.023650553933395897
748,-1483.1953124999998,1483.1953124999998,0.0,0.023532301163728918
749,-1325.09375,1325.09375,0.0,0.023414639657910272
750,-1395.3107638888887,1395.3107638888887,0.0,0.023297566459620722
751,-1378.0,1378.0,0.0,0.023181078627322618
752,-1515.5,1515.5,0.0,0.023065173234186005
753,-1408.4999999999998,1408.4999999999998,0.0,0.022949847368015076
754,-1412.4296874999998,1412.4296874999998,0.0,0.022835098131175
755,-1460.6729634602862,1460.6729634602862,0.0,0.022720922640519125
756,-1320.4062500000005,1320.4062500000005,0.0,0.02260731802731653
757,-1478.1351273148152,1478.1351273148152,0.0,0.022494281437179946
758,-1556.6399739583333,1556.6399739583333,0.0,0.022381810029994047
759,-1414.0,1414.0,0.0,0.022269900979844076
760,-1445.921875,1441.921875,4.0,0.022158551474944856
761,-1405.25,1405.25,0.0,0.022047758717570132
762,-1445.3708428276907,1445.3708428276907,0.0,0.021937519923982282
763,-1276.5625,1276.5625,0.0,0.021827832324362372
764,-1353.6805555555554,1353.6805555555554,0.0,0.02171869316274056
765,-1303.076224644979,1303.076224644979,0.0,0.021610099696926857
766,-1574.9999999999998,1569.9999999999998,5.0,0.021502049198442223
767,-1409.9999999999998,1409.9999999999998,0.0,0.021394538952450012
768,-1446.1321840639469,1446.1321840639469,0.0,0.02128756625768776
769,-1258.9999999999995,1258.9999999999995,0.0,0.021181128426399323
770,-1437.6731035091254,1435.6731035091254,2.0,0.021075222784267326
771,-1350.5002729627822,1350.5002729627822,0.0,0.020969846670345987
772,-1209.2499999999998,1209.2499999999998,0.0,0.020864997436994256
773,-1381.7143132716042,1381.7143132716042,0.0,0.020760672449809284
774,-1383.9999999999998,1382.9999999999998,1.0,0.020656869087560238
775,-1498.5,1493.5,5.0,0.020553584742122436
776,-1418.6315104166665,1418.6315104166665,0.0,0.020450816818411825
777,-1585.0000000000002,1585.0000000000002,0.0,0.020348562734319765
778,-1327.9999999999998,1327.9999999999998,0.0,0.020246819920648168
779,-1488.4973958333333,1488.4973958333333,0.0,0.020145585821044927
780,-1465.3125000000002,1465.3125000000002,0.0,0.020044857891939702
781,-1347.6666666666665,1347.6666666666665,0.0,0.019944633602480003
782,-1278.7499999999998,1278.7499999999998,0.0,0.019844910434467605
783,-1426.3125,1426.3125,0.0,0.019745685882295267
784,-1367.076904296875,1367.076904296875,0.0,0.01964695745288379
785,-1368.0,1368.0,0.0,0.01954872266561937
786,-1278.5657208760579,1278.5657208760579,0.0,0.019450979052291272
787,-1388.4999999999998,1388.4999999999998,0.0,0.019353724157029815
788,-1568.0,1568.0,0.0,0.019256955536244666
789,-1457.0378689236118,1457.0378689236118,0.0,0.019160670758563442
790,-1411.5,1411.5,0.0,0.019064867404770626
791,-1500.8326715562082,1500.8326715562082,0.0,0.018969543067746772
792,-1451.8125,1451.8125,0.0,0.018874695352408037
793,-1517.0,1517.0,0.0,0.018780321875645996
794,-1448.4583333333333,1448.4583333333333,0.0,0.018686420266267767
795,-1271.0000000000002,1271.0000000000002,0.0,0.018592988164936427
796,-1318.0,1318.0,0.0,0.018500023224111744
797,-1439.4375000000002,1439.4375000000002,0.0,0.018407523107991184
798,-1436.705078125,1436.705078125,0.0,0.01831548549245123
799,-1456.6265309651692,1456.6265309651692,0.0,0.018223908064988973
800,-1413.862551364555,1413.862551364555,0.0,0.018132788524664028
801,-1491.1354166666665,1491.1354166666665,0.0,0.018042124582040707
802,-1542.5,1542.5,0.0,0.017951913959130504
803,-1426.0000000000005,1426.0000000000005,0.0,0.01786215438933485
804,-1476.4999999999998,1476.4999999999998,0.0,0.017772843617388175
805,-1469.0000000000002,1469.0000000000002,0.0,0.017683979399301233
806,-1389.0,1389.0,0.0,0.017595559502304726
807,-1393.9010416666667,1393.9010416666667,0.0,0.0175075817047932
808,-1303.404183574651,1303.404183574651,0.0,0.017420043796269234
809,-1409.1290893554688,1409.1290893554688,0.0,0.017332943577287888
810,-1435.3333333333328,1435.3333333333328,0.0,0.01724627885940145
811,-1457.2053830653056,1457.2053830653056,0.0,0.017160047465104442
812,-1435.7500000000002,1435.7500000000002,0.0,0.01707424722777892
813,-1492.0000000000005,1492.0000000000005,0.0,0.016988875991640028
814,-1299.0000000000007,1299.0000000000007,0.0,0.016903931611681827
815,-1540.9999999999995,1540.9999999999995,0.0,0.01681941195362342
816,-1474.9999999999998,1474.9999999999998,0.0,0.016735314893855303
817,-1426.889485677083,1426.889485677083,0.0,0.016651638319386028
818,-1407.5000000000002,1407.5000000000002,0.0,0.0165683801277891
819,-1430.3499581136814,1428.3499581136814,2.0,0.016485538227150154
820,-1454.2343749999998,1454.2343749999998,0.0,0.0164031105360144
821,-1342.0625000000002,1342.0625000000002,0.0,0.01632109498333433
822,-1348.030807495117,1348.030807495117,0.0,0.016239489508417658
823,-1445.0,1445.0,0.0,0.01615829206087557
824,-1312.388888888889,1312.388888888889,0.0,0.01607750060057119
825,-1583.7500000000002,1583.7500000000002,0.0,0.015997113097568336
826,-1567.0000000000005,1567.0000000000005,0.0,0.015917127532080494
827,-1520.0950972945598,1520.0950972945598,0.0,0.01583754189442009
828,-1426.43359375,1426.43359375,0.0,0.01575835418494799
829,-1479.6367187500007,1479.6367187500007,0.0,0.01567956241402325
830,-1503.6979166666667,1503.6979166666667,0.0,0.015601164601953134
831,-1428.25,1428.25,0.0,0.015523158778943369
832,-1372.0,1372.0,0.0,0.015445542985048652
833,-1490.5220029089185,1490.5220029089185,0.0,0.015368315270123408
834,-1358.3208410412897,1358.3208410412897,0.0,0.01529147369377279
835,-1451.9812210452405,1451.9812210452405,0.0,0.015215016325303928
836,-1410.666666666667,1410.666666666667,0.0,0.015138941243677408
837,-1457.1357060185187,1457.1357060185187,0.0,0.01506324653745902
838,-1470.6093749999998,1470.6093749999998,0.0,0.014987930304771725
839,-1443.1732042100698,1443.1732042100698,0.0,0.014912990653247866
840,-1387.3671875000007,1387.3671875000007,0.0,0.014838425699981627
841,-1475.524101359977,1475.524101359977,0.0,0.01476423357148172
842,-1303.3750000000002,1303.3750000000002,0.0,0.014690412403624311
843,-1337.0772569444443,1337.0772569444443,0.0,0.01461696034160619
844,-1421.1666666666667,1421.1666666666667,0.0,0.014543875539898159
845,-1393.8541666666665,1393.8541666666665,0.0,0.014471156162198668
846,-1470.416666666667,1470.416666666667,0.0,0.014398800381387675
847,-1415.0000000000002,1415.0000000000002,0.0,0.014326806379480736
848,-1463.4999999999995,1463.4999999999995,0.0,0.014255172347583332
849,-1389.118998400867,1389.118998400867,0.0,0.014183896485845416
850,-1336.5000000000002,1336.5000000000002,0.0,0.014112977003416188
851,-1411.0625000000002,1411.0625000000002,0.0,0.014042412118399107
852,-1485.8124999999998,1485.8124999999998,0.0,0.013972200057807112
853,-1396.9999999999998,1396.9999999999998,0.0,0.013902339057518077
854,-1567.2500000000002,1560.2500000000002,7.0,0.013832827362230486
855,-1440.5625000000002,1440.5625000000002,0.0,0.013763663225419333
856,-1315.0,1315.0,0.0,0.013694844909292236
857,-1402.6874999999998,1402.6874999999998,0.0,0.013626370684745774
858,-1414.265268092963,1414.265268092963,0.0,0.013558238831322046
859,-1486.8881835937493,1486.8881835937493,0.0,0.013490447637165436
860,-1532.0175781250002,1532.0175781250002,0.0,0.013422995398979608
861,-1475.378498783818,1475.378498783818,0.0,0.01335588042198471
862,-1475.0,1475.0,0.0,0.013289101019874787
863,-1360.332574579451,1360.332574579451,0.0,0.013222655514775413
864,-1493.625,1493.625,0.0,0.013156542237201536
865,-1427.67578125,1425.67578125,2.0,0.013090759526015528
866,-1364.9999999999995,1352.0,13.0,0.01302530572838545
867,-1422.0,1422.0,0.0,0.012960179199743523
868,-1572.4824218750002,1572.4824218750002,0.0,0.012895378303744804
869,-1526.4137731481485,1526.4137731481485,0.0,0.01283090141222608
870,-1427.8871002197268,1427.8871002197268,0.0,0.012766746905164949
871,-1354.1119791666665,1354.1119791666665,0.0,0.012702913170639124
872,-1225.4862597903325,1225.4862597903325,0.0,0.012639398604785928
873,-1290.0251922607422,1290.0251922607422,0.0,0.012576201611761997
874,-1453.40625,1453.40625,0.0,0.012513320603703188
875,-1252.84375,1250.84375,2.0,0.012450754000684672
876,-1455.3512757854696,1455.3512757854696,0.0,0.012388500230681249
877,-1229.0000000000005,1229.0000000000005,0.0,0.012326557729527843
878,-1695.9999999999995,1695.9999999999995,0.0,0.012264924940880204
879,-1481.5000000000005,1481.5000000000005,0.0,0.012203600316175803
880,-1345.5,1335.5000000000002,10.0,0.012142582314594924
881,-1585.4907407407409,1585.4907407407409,0.0,0.01208186940302195
882,-1593.8087022569453,1593.8087022569453,0.0,0.01202146005600684
883,-1471.035149105509,1468.0351491055094,3.0,0.011961352755726806
884,-1379.2233072916667,1379.2233072916667,0.0,0.01190154599194817
885,-1495.9999999999998,1495.9999999999998,0.0,0.01184203826198843
886,-1351.1875000000002,1351.1875000000002,0.0,0.011782828070678488
887,-1541.9999999999998,1541.9999999999998,0.0,0.011723913930325095
888,-1382.208333333333,1382.208333333333,0.0,0.01166529436067347
889,-1376.0407172309026,1376.0407172309026,0.0,0.011606967888870102
890,-1567.0756041915329,1567.0756041915329,0.0,0.01154893304942575
891,-1335.9907407407409,1335.9907407407409,0.0,0.011491188384178622
892,-1376.9999999999998,1376.9999999999998,0.0,0.011433732442257729
893,-1559.4579671223955,1559.4579671223955,0.0,0.01137656378004644
894,-1482.2800884577043,1482.2800884577043,0.0,0.011319680961146208
895,-1500.4375000000002,1500.4375000000002,0.0,0.011263082556340478
896,-1498.312500000001,1493.312500000001,5.0,0.011206767143558775
897,-1275.8742947048609,1275.8742947048609,0.0,0.011150733307840981
898,-1234.2499999999998,1229.2499999999998,5.0,0.011094979641301777
899,-1375.3658937122711,1375.3658937122711,0.0,0.011039504743095268
900,-1497.318243304889,1497.318243304889,0.0,0.01098430721937979
901,-1340.9999999999998,1335.9999999999998,5.0,0.010929385683282892
902,-1400.0,1400.0,0.0,0.010874738754866477
903,-1285.9654541015632,1285.9654541015632,0.0,0.010820365061092144
904,-1500.2499999999998,1500.2499999999998,0.0,0.010766263235786683
905,-1422.9231770833337,1419.9231770833337,3.0,0.01071243191960775
906,-1323.9999999999995,1323.9999999999995,0.0,0.010658869760009713
907,-1447.0,1438.0,9.0,0.010605575411209664
908,-1399.1718749999998,1399.1718749999998,0.0,0.010552547534153616
909,-1663.0624999999995,1663.0624999999995,0.0,0.010499784796482848
910,-1444.4999999999998,1444.4999999999998,0.0,0.010447285872500434
911,-1577.3121496129918,1577.3121496129918,0.0,0.01039504944313793
912,-1533.0625000000002,1533.0625000000002,0.0,0.010343074195922241
913,-1453.1406249999995,1453.1406249999995,0.0,0.01029135882494263
914,-1268.0,1268.0,0.0,0.010239902030817916
915,-1476.5022786458335,1472.5022786458335,4.0,0.010188702520663827
916,-1391.9555869633518,1391.9555869633518,0.0,0.010137759008060509
917,-1568.7499999999998,1566.7499999999998,2.0,0.010087070213020206
918,-1480.7178819444448,1480.7178819444448,0.0,0.010036634861955105
919,-1213.24078767376,1213.24078767376,0.0,0.00998645168764533
920,-1642.1123046874998,1642.1123046874998,0.0,0.00998645168764533
921,-1484.5000000000002,1484.5000000000002,0.0,0.00998645168764533
922,-1543.8284505208333,1543.8284505208333,0.0,0.00998645168764533
923,-1494.9999999999998,1494.9999999999998,0.0,0.00998645168764533
924,-1404.851526684231,1404.851526684231,0.0,0.00998645168764533
925,-1545.8749999999998,1534.8749999999998,11.0,0.00998645168764533
926,-1491.212754740027,1491.212754740027,0.0,0.00998645168764533
927,-1591.6953125000002,1591.6953125000002,0.0,0.00998645168764533
928,-1239.1414430340135,1239.1414430340135,0.0,0.00998645168764533
929,-1367.0000000000005,1367.0000000000005,0.0,0.00998645168764533
930,-1514.5833333333335,1514.5833333333335,0.0,0.00998645168764533
931,-1592.0,1592.0,0.0,0.00998645168764533
932,-1563.8333333333337,1563.8333333333337,0.0,0.00998645168764533
933,-1185.4696480433145,1185.4696480433145,0.0,0.00998645168764533
934,-1597.6468098958337,1597.6468098958337,0.0,0.00998645168764533
935,-1557.4817708333333,1557.4817708333333,0.0,0.00998645168764533
936,-1399.40625,1399.40625,0.0,0.00998645168764533
937,-1313.0,1313.0,0.0,0.00998645168764533
938,-1537.931857638889,1537.931857638889,0.0,0.00998645168764533
939,-1436.7133215680535,1436.7133215680535,0.0,0.00998645168764533
940,-1469.0660400390625,1469.0660400390625,0.0,0.00998645168764533
941,-1548.0,1548.0,0.0,0.00998645168764533
942,-1546.1944444444446,1546.1944444444446,0.0,0.00998645168764533
943,-1407.7500000000002,1407.7500000000002,0.0,0.00998645168764533
944,-1451.7937240712347,1445.7937240712347,6.0,0.00998645168764533
945,-1568.7500000000002,1568.7500000000002,0.0,0.00998645168764533
946,-1550.1093750000002,1550.1093750000002,0.0,0.00998645168764533
947,-1787.8125,1787.8125,0.0,0.00998645168764533
948,-1372.2871907552083,1372.2871907552083,0.0,0.00998645168764533
949,-1248.2265624999998,1248.2265624999998,0.0,0.00998645168764533
950,-1464.0000000000002,1464.0000000000002,0.0,0.00998645168764533
951,-1172.078881908346,1167.078881908346,5.0,0.00998645168764533
952,-1440.6599211516204,1440.6599211516204,0.0,0.00998645168764533
953,-1395.0518527560766,1395.0518527560766,0.0,0.00998645168764533
954,-1286.9999999999998,1283.9999999999998,3.0,0.00998645168764533
955,-1334.7088216145833,1330.7088216145833,4.0,0.00998645168764533
956,-1470.75,1470.75,0.0,0.00998645168764533
957,-1521.0,1521.0,0.0,0.00998645168764533
958,-1565.0345052083335,1565.0345052083335,0.0,0.00998645168764533
959,-1640.2500000000002,1640.2500000000002,0.0,0.00998645168764533
960,-1526.53125,1526.53125,0.0,0.00998645168764533
961,-1524.4803106676889,1524.4803106676889,0.0,0.00998645168764533
962,-1342.5000000000002,1342.5000000000002,0.0,0.00998645168764533
963,-1559.9414033234857,1559.9414033234857,0.0,0.00998645168764533
964,-1453.978759765625,1453.978759765625,0.0,0.00998645168764533
965,-1379.2623528807371,1379.2623528807371,0.0,0.00998645168764533
966,-1350.8125000000002,1341.8125000000002,9.0,0.00998645168764533
967,-1457.2083333333333,1457.2083333333333,0.0,0.00998645168764533
968,-1311.333333333333,1311.333333333333,0.0,0.00998645168764533
969,-1241.34375,1241.34375,0.0,0.00998645168764533
970,-1549.0000000000002,1549.0000000000002,0.0,0.00998645168764533
971,-1150.2499999999998,1150.2499999999998,0.0,0.00998645168764533
972,-1307.25,1307.25,0.0,0.00998645168764533
973,-1557.6512518988716,1557.6512518988716,0.0,0.00998645168764533
974,-1389.0000000000005,1389.0000000000005,0.0,0.00998645168764533
975,-1521.892578125,1521.892578125,0.0,0.00998645168764533
976,-1317.3125,1317.3125,0.0,0.00998645168764533
977,-1263.5000000000002,1263.5000000000002,0.0,0.00998645168764533
978,-1613.25,1613.25,0.0,0.00998645168764533
979,-1734.7500000000005,1734.7500000000005,0.0,0.00998645168764533
980,-1452.0625,1452.0625,0.0,0.00998645168764533
981,-1421.4999999999998,1416.4999999999998,5.0,0.00998645168764533
982,-1377.125,1377.125,0.0,0.00998645168764533
983,-1380.0781249999995,1380.0781249999995,0.0,0.00998645168764533
984,-1351.4260464891975,1351.4260464891975,0.0,0.00998645168764533
985,-1209.5207805751281,1209.5207805751281,0.0,0.00998645168764533
986,-1532.5,1532.5,0.0,0.00998645168764533
987,-1394.0000000000002,1390.0000000000002,4.0,0.00998645168764533
988,-1236.7051918363309,1236.7051918363309,0.0,0.00998645168764533
989,-1489.7421875,1489.7421875,0.0,0.00998645168764533
990,-1416.2600278501156,1416.2600278501156,0.0,0.00998645168764533
991,-1438.3955078125,1438.3955078125,0.0,0.00998645168764533
992,-1429.166666666667,1429.166666666667,0.0,0.00998645168764533
993,-1679.2499999999995,1679.2499999999995,0.0,0.00998645168764533
994,-1461.5000000000005,1461.5000000000005,0.0,0.00998645168764533
995,-1458.5292968749998,1458.5292968749998,0.0,0.00998645168764533
996,-1503.3885958636247,1503.3885958636247,0.0,0.00998645168764533
997,-1542.7500000000002,1535.7500000000002,7.0,0.00998645168764533
998,-1427.9999999999998,1427.9999999999998,0.0,0.00998645168764533
999,-1432.9444444444443,1432.9444444444443,0.0,0.00998645168764533
1000,-1591.6210937499993,1591.6210937499993,0.0,0.00998645168764533
